EmpID,FirstName,LastName,StartDate,ExitDate,Title,Supervisor,ADEmail,BusinessUnit,EmployeeStatus,EmployeeType,PayZone,EmployeeClassificationType,TerminationType,TerminationDescription,DepartmentType,Division,DOB,State,JobFunctionDescription,GenderCode,LocationCode,RaceDesc,MaritalDesc,Performance Score,Current Employee Rating,performance level
3595,Fisher,Stafford,22-Sep-20,14-Sep-22,Production Technician I,Nicole Delgado,fisher.stafford@bilearner.com,WBL,Active,Contract,Zone A,Temporary,Resignation,Dark meeting play room head join truth involve.,Production       ,Engineers,02-03-1952,MA,Technician,Male,56703,Other,Divorced,Fully Meets,1,low
3596,Kellen,Medina,28-Jul-19,,Production Technician I,John Henry,kellen.medina@bilearner.com,NEL,Active,Part-Time,Zone C,Full-Time,Unk,,Production       ,Splicing,19-07-1982,MA,Technician,Male,33998,Other,Single,Needs Improvement,2,low
3597,Brenton,Monroe,06-Jun-20,14-Apr-21,Production Technician II,Autumn Decker,brenton.monroe@bilearner.com,PYZ,Future Start,Contract,Zone C,Part-Time,Retirement,Democrat themselves deal future early.,Production       ,General - Con,31-10-1986,MA,Foreman,Female,17650,Black,Single,Fully Meets,1,low
3598,Derick,Rocha,28-Sep-18,05-Aug-23,Production Technician II,Alex Moore,derick.rocha@bilearner.com,SVG,Voluntarily Terminated,Part-Time,Zone A,Full-Time,Resignation,Majority executive plan imagine.,Production       ,Project Management - Eng,06-10-1950,MA,Supervisor,Female,72750,Other,Married,Needs Improvement,1,low
3599,Elaine,Weeks,12-Apr-20,,Production Technician II,Dana Smith,elaine.weeks@bilearner.com,TNS,Active,Part-Time,Zone A,Temporary,Unk,,Production       ,General - Con,31-03-1950,MA,Technician,Female,14044,White,Divorced,Fully Meets,2,low
3600,Marely,Dixon,01-Nov-22,,Production Technician II,Bobby Serrano,marely.dixon@bilearner.com,WBL,Active,Contract,Zone B,Temporary,Unk,,Production       ,Field Operations,07-10-1949,MA,Technician,Female,34810,White,Single,Fully Meets,2,low
3601,Keagan,Henson,21-Nov-22,,Production Technician II,Robert Riley,keagan.henson@bilearner.com,BPC,Active,Part-Time,Zone B,Full-Time,Unk,,Production       ,Wireline Construction,22-07-1966,MA,Billing,Female,75187,White,Married,Fully Meets,5,very high
3602,Helena,Davenport,11-Apr-21,24-May-23,Production Technician II,Crystal Mcneil,helena.davenport@bilearner.com,CCDR,Voluntarily Terminated,Full-Time,Zone B,Part-Time,Involuntary,Quality audience deal assume.,Production       ,Engineers,12-10-1994,MA,Engineer,Female,30766,Hispanic,Married,Fully Meets,5,very high
3603,Houston,Aguirre,29-Nov-18,21-Feb-19,Production Technician II,Christine Costa,houston.aguirre@bilearner.com,EW,Voluntarily Terminated,Full-Time,Zone A,Part-Time,Resignation,To trial deep.,Production       ,Field Operations,15-02-1977,MA,Technician,Female,58348,White,Married,Fully Meets,2,low
3604,Kane,Owen,16-Jan-19,31-Aug-22,Production Technician II,Mark Hale,kane.owen@bilearner.com,MSC,Active,Part-Time,Zone B,Full-Time,Resignation,Sometimes surface page stand area.,Production       ,Field Operations,09-03-1948,MA,Foreman,Female,44626,Hispanic,Divorced,Needs Improvement,4,high
3605,Emerson,Pitts,18-Sep-19,,Production Technician I,Destiny Johnson,emerson.pitts@bilearner.com,CCDR,Active,Contract,Zone C,Temporary,Unk,,Production       ,Engineers,25-08-1943,MA,Technician,Male,2315,Other,Divorced,Fully Meets,4,high
3606,Clarissa,Winters,01-Aug-19,20-Jan-23,Production Technician I,Eric Gonzales,clarissa.winters@bilearner.com,SVG,Voluntarily Terminated,Part-Time,Zone C,Full-Time,Involuntary,Poor list reduce reality.,Production       ,Billable Consultants,13-03-1965,MA,Engineer,Male,95618,Other,Divorced,Fully Meets,3,medium
3607,Frankie,Atkins,18-Jun-19,14-Apr-21,Production Technician I,Christopher Murray,frankie.atkins@bilearner.com,EW,Active,Full-Time,Zone A,Full-Time,Resignation,Finally build do analysis beyond heavy.,Production       ,Project Management - Con,03-08-1976,MA,Coordinator,Male,15195,Other,Married,Fully Meets,5,very high
3608,Ally,Zhang,13-Feb-19,,Production Technician I,Ashley Williamson,ally.zhang@bilearner.com,MSC,Active,Full-Time,Zone C,Part-Time,Unk,,Production       ,Field Operations,06-07-1979,MA,Technician,Male,74447,Other,Married,Fully Meets,3,medium
3609,Kayleigh,Harmon,02-Jun-21,,Production Technician I,Frederick Harrison,kayleigh.harmon@bilearner.com,TNS,Active,Contract,Zone B,Full-Time,Unk,,Production       ,Shop (Fleet),09-06-1993,MA,Welder,Female,21318,Other,Widowed,Fully Meets,3,medium
3610,Kayley,Myers,11-Oct-18,,Production Technician I,Brian Arnold,kayley.myers@bilearner.com,PYZ,Active,Part-Time,Zone C,Full-Time,Unk,,Production       ,Field Operations,07-04-1973,MA,Laborer,Female,51430,Other,Single,Fully Meets,3,medium
3611,Rowan,Cobb,09-Mar-21,,Production Technician I,Lori Reed,rowan.cobb@bilearner.com,WBL,Active,Contract,Zone C,Full-Time,Unk,,Production       ,Project Management - Con,20-01-1952,MA,Technician,Female,85651,Hispanic,Married,Fully Meets,2,low
3612,Edward,Mann,23-Jan-22,,Production Technician I,Trevor Rodriguez,edward.mann@bilearner.com,NEL,Active,Contract,Zone A,Part-Time,Unk,,Production       ,Field Operations,25-12-1984,MA,Technician,Male,68900,Black,Single,PIP,4,high
3613,Amirah,Johnson,24-Feb-19,,Production Technician I,Jason Owens,amirah.johnson@bilearner.com,PL,Active,Contract,Zone B,Part-Time,Unk,,Production       ,Field Operations,14-06-1973,MA,Laborer,Male,9241,Asian,Married,Exceeds,1,low
3614,Bridget,Deleon,08-Jan-20,02-Jul-21,Production Technician I,Clifford Martinez,bridget.deleon@bilearner.com,BPC,Active,Contract,Zone B,Temporary,Voluntary,Store common between real.,Production       ,Project Management - Con,31-08-1973,MA,Field Project Manager,Male,23691,White,Married,Fully Meets,2,low
3615,Martin,Weber,13-May-21,22-Sep-22,Production Technician I,Lee Hudson,martin.weber@bilearner.com,CCDR,Future Start,Full-Time,Zone B,Part-Time,Retirement,View ever record ahead.,Production       ,General - Con,14-05-1986,MA,Manager,Male,74388,Asian,Divorced,Exceeds,2,low
3616,Ruben,Lewis,12-Feb-22,,Production Technician I,Allison Tran,ruben.lewis@bilearner.com,SVG,Active,Contract,Zone C,Full-Time,Unk,,Production       ,General - Con,24-03-1981,MA,Laborer,Female,14234,Hispanic,Married,Fully Meets,4,high
3617,Bailey,Collier,01-Feb-23,,Production Technician I,Pamela Johnson,bailey.collier@bilearner.com,EW,Active,Full-Time,Zone C,Full-Time,Unk,,Production       ,Wireline Construction,18-02-1961,MA,Splicer,Female,37635,Hispanic,Married,Fully Meets,1,low
3618,Charlee,Roth,04-Feb-23,,Production Technician I,Erin Harris,charlee.roth@bilearner.com,MSC,Active,Part-Time,Zone B,Temporary,Unk,,Production       ,Splicing,05-05-1944,MA,Splicer,Male,13186,Black,Married,Fully Meets,3,medium
3619,Karissa,Bowers,23-Mar-23,01-May-23,Production Technician I,Robert Wright,karissa.bowers@bilearner.com,TNS,Active,Full-Time,Zone A,Full-Time,Involuntary,Some others lot miss land similar.,Production       ,General - Con,17-03-1984,MA,Technician,Male,76278,Asian,Married,Fully Meets,3,medium
3620,Noel,Ramirez,22-Mar-23,14-Jul-23,Production Technician I,Mr. Nicholas Austin,noel.ramirez@bilearner.com,PYZ,Active,Part-Time,Zone A,Temporary,Involuntary,Outside sing song relationship action teach.,Production       ,General - Eng,12-10-1994,MA,Specialist,Male,77580,Hispanic,Married,Fully Meets,2,low
3621,Victoria,Franco,28-Nov-18,,Production Technician I,Natalie Cannon,victoria.franco@bilearner.com,WBL,Active,Contract,Zone A,Full-Time,Unk,,Production       ,Wireless,09-09-1997,MA,Laborer,Male,15586,White,Married,Fully Meets,2,low
3622,Danika,Fleming,09-Jul-20,10-Jul-21,Production Technician II,Christopher Ayers,danika.fleming@bilearner.com,SVG,Active,Part-Time,Zone A,Temporary,Resignation,Song remember visit finish edge difficult down.,Production       ,Field Operations,16-10-1995,MA,Laborer,Female,75607,Hispanic,Divorced,Fully Meets,3,medium
3623,Jocelyn,Kline,11-Feb-19,,Production Technician II,Elizabeth Burton,jocelyn.kline@bilearner.com,EW,Active,Part-Time,Zone A,Full-Time,Unk,,Production       ,Engineers,25-04-1958,MA,Engineer,Female,47289,Asian,Divorced,Fully Meets,3,medium
3624,Cesar,Higgins,09-Jan-20,,Production Technician II,Timothy Curtis,cesar.higgins@bilearner.com,MSC,Active,Part-Time,Zone B,Part-Time,Unk,,Production       ,Technology / It,04-02-1996,MA,Engineer,Female,85711,Asian,Married,Fully Meets,4,high
3625,Gabriel,Dodson,11-Nov-21,31-Jul-22,Production Technician II,Tammy Navarro,gabriel.dodson@bilearner.com,TNS,Voluntarily Terminated,Contract,Zone B,Part-Time,Resignation,Interesting final piece follow.,Production       ,Engineers,14-12-1975,MA,Engineer,Female,54392,Asian,Single,Fully Meets,5,very high
3626,Raphael,Sandoval,15-May-21,,Production Technician II,Natalie Baker,raphael.sandoval@bilearner.com,PYZ,Active,Full-Time,Zone B,Temporary,Unk,,Production       ,Field Operations,28-10-1993,MA,Foreman,Female,61825,Asian,Single,Fully Meets,2,low
3627,Ruth,Harrell,21-Aug-19,28-Oct-22,Production Technician II,Jesse Wilson,ruth.harrell@bilearner.com,WBL,Voluntarily Terminated,Contract,Zone C,Full-Time,Resignation,Sport enter think order determine.,Production       ,Field Operations,23-02-1967,MA,Supervisor,Female,52646,Black,Married,Fully Meets,3,medium
3628,Peyton,Barber,18-Sep-20,,Production Technician II,Megan Small,peyton.barber@bilearner.com,NEL,Active,Contract,Zone B,Part-Time,Unk,,Production       ,Engineers,27-01-1946,MA,Technician,Female,56126,Hispanic,Married,Fully Meets,3,medium
3629,Reginald,Lowery,27-Aug-22,03-Dec-22,Production Technician I,Dr. David Austin Jr.,reginald.lowery@bilearner.com,NEL,Voluntarily Terminated,Contract,Zone B,Full-Time,Voluntary,Expect grow back list letter.,Production       ,Field Operations,26-11-1983,MA,Laborer,Male,70056,Black,Divorced,Fully Meets,5,very high
3630,Stephanie,Briggs,23-Feb-19,,Production Technician I,Scott Davis,stephanie.briggs@bilearner.com,MSC,Active,Contract,Zone B,Full-Time,Unk,,Production       ,Field Operations,07-05-1965,MA,Laborer,Male,81819,Other,Widowed,Fully Meets,5,very high
3631,Shaniya,Becker,08-Aug-22,25-Oct-22,Production Technician I,Kristin Salinas,shaniya.becker@bilearner.com,EW,Active,Contract,Zone C,Full-Time,Retirement,Experience room top and including compare.,Production       ,Wireline Construction,28-04-1947,MA,Apprentice,Male,12978,Other,Divorced,Fully Meets,3,medium
3632,Ryan,Oconnell,24-Sep-22,24-Oct-22,Production Technician I,Bridget Jones,ryan.oconnell@bilearner.com,CCDR,Active,Contract,Zone C,Full-Time,Involuntary,Realize work series fact weight contain.,Production       ,Field Operations,03-10-1945,MA,Foreman,Male,37983,Asian,Married,Fully Meets,3,medium
3633,Emma,Ware,21-Mar-22,,Production Technician I,Melissa Wilkinson,emma.ware@bilearner.com,BPC,Active,Contract,Zone B,Temporary,Unk,,Production       ,Aerial,24-03-1987,MA,Laborer,Female,56687,Hispanic,Single,Fully Meets,5,very high
3634,Keyon,Haley,23-Jun-23,26-Jul-23,Production Technician I,Eric Cunningham,keyon.haley@bilearner.com,PYZ,Active,Part-Time,Zone B,Full-Time,Retirement,Despite budget compare international little.,Production       ,General - Sga,26-04-1962,MA,Supervisor,Female,40148,Other,Married,Fully Meets,5,very high
3635,Kylee,Bates,26-Oct-20,,Production Technician I,Stephen Barron,kylee.bates@bilearner.com,WBL,Active,Part-Time,Zone C,Part-Time,Unk,,Production       ,Yard (Material Handling),12-03-1978,MA,Runner,Female,71593,Hispanic,Single,Fully Meets,4,high
3636,Marc,Chandler,29-Jan-20,,Production Technician I,Jennifer Soto,marc.chandler@bilearner.com,NEL,Active,Contract,Zone B,Temporary,Unk,,Production       ,Catv,13-03-1982,MA,Supervisor,Male,10775,Asian,Divorced,Fully Meets,3,medium
3637,Abdullah,Pruitt,23-Apr-22,,Production Technician I,John Jones,abdullah.pruitt@bilearner.com,PL,Active,Full-Time,Zone C,Full-Time,Unk,,Production       ,Aerial,17-04-1995,MA,Engineer,Male,59441,Asian,Divorced,Fully Meets,3,medium
3638,Shamar,Roth,15-Jun-23,,Production Technician I,Ernest Evans,shamar.roth@bilearner.com,BPC,Active,Full-Time,Zone C,Part-Time,Unk,,Production       ,Field Operations,10-12-1978,MA,Inspector,Male,55470,Hispanic,Single,Fully Meets,3,medium
3639,Jaylen,Acosta,19-Sep-19,14-Apr-20,Production Technician I,Mark Knight,jaylen.acosta@bilearner.com,CCDR,Future Start,Contract,Zone C,Full-Time,Retirement,Official growth onto speech after truth.,Production       ,Field Operations,08-01-1966,MA,Runner,Female,8655,Hispanic,Divorced,Fully Meets,3,medium
3640,Kale,House,07-Jan-23,,Production Technician I,Gina Leon,kale.house@bilearner.com,SVG,Active,Contract,Zone A,Temporary,Unk,,Production       ,Field Operations,21-09-2000,MA,Foreman,Female,48077,Asian,Divorced,Fully Meets,3,medium
3641,Kiersten,Ellis,07-Feb-20,01-May-21,Production Technician I,Eric Michael,kiersten.ellis@bilearner.com,EW,Future Start,Contract,Zone B,Full-Time,Voluntary,Air act watch affect save positive among.,Production       ,General - Con,15-01-1971,MA,Operator,Male,56039,Other,Widowed,Fully Meets,3,medium
3642,Karissa,Carrillo,29-Apr-20,12-Nov-21,Production Technician I,Alexandra Martin,karissa.carrillo@bilearner.com,MSC,Future Start,Contract,Zone B,Full-Time,Retirement,Cold dinner seat property a hear.,Production       ,Field Operations,31-05-1978,MA,Laborer,Male,7474,Black,Single,Fully Meets,3,medium
3643,Issac,Whitehead,16-Apr-20,,Production Technician I,Eric Calderon,issac.whitehead@bilearner.com,TNS,Active,Full-Time,Zone A,Full-Time,Unk,,Production       ,Catv,22-03-1961,MA,Laborer,Male,9287,Asian,Single,Fully Meets,3,medium
3644,Madisyn,Andrews,16-Jun-22,,Production Technician I,Thomas Jones,madisyn.andrews@bilearner.com,PYZ,Active,Part-Time,Zone B,Full-Time,Unk,,Production       ,Field Operations,24-06-1986,MA,Laborer,Male,42213,Black,Married,Fully Meets,3,medium
3645,Madyson,Rhodes,22-Jul-19,,Production Technician I,Bridget Mills,madyson.rhodes@bilearner.com,WBL,Active,Part-Time,Zone C,Full-Time,Unk,,Production       ,General - Con,16-09-1977,MA,Technician,Male,34428,Asian,Single,Fully Meets,3,medium
3646,Brenton,Rodriguez,22-Apr-23,,Production Technician II,Sara Bullock,brenton.rodriguez@bilearner.com,SVG,Active,Part-Time,Zone A,Full-Time,Unk,,Production       ,Splicing,01-01-1968,MA,Splicer,Female,77551,Hispanic,Widowed,Fully Meets,3,medium
3647,Nathen,Arias,28-Dec-20,30-Jan-21,Production Technician II,Craig Leblanc,nathen.arias@bilearner.com,EW,Voluntarily Terminated,Part-Time,Zone A,Part-Time,Involuntary,Best room cell task majority budget.,Production       ,Engineers,24-07-1966,MA,Engineer,Female,20847,Black,Single,Fully Meets,3,medium
3648,Keyon,Hensley,23-Feb-22,,Production Technician II,Peter Smith,keyon.hensley@bilearner.com,MSC,Active,Contract,Zone A,Full-Time,Unk,,Production       ,Aerial,27-06-1948,MA,Lineman,Female,76615,Other,Divorced,Exceeds,4,high
3649,Elisha,Ruiz,13-Aug-22,,Production Technician II,Stephen Green,elisha.ruiz@bilearner.com,TNS,Active,Contract,Zone A,Part-Time,Unk,,Production       ,Field Operations,06-06-1968,MA,Technician,Female,26602,White,Married,Exceeds,4,high
3650,Amirah,Stanley,03-Oct-19,28-Feb-22,Production Technician II,Jason Jenkins,amirah.stanley@bilearner.com,PYZ,Voluntarily Terminated,Full-Time,Zone B,Part-Time,Retirement,Late least forward bill realize camera.,Production       ,Field Operations,25-12-1991,MA,Laborer,Female,72818,White,Divorced,Fully Meets,3,medium
3651,Jeremy,Meyer,14-Oct-19,,Production Technician II,Chad Jones,jeremy.meyer@bilearner.com,WBL,Active,Full-Time,Zone C,Full-Time,Unk,,Production       ,General - Con,19-01-1991,MA,Lineman,Female,90347,White,Single,Fully Meets,3,medium
3652,Owen,Dillon,30-Aug-19,27-Aug-22,Production Technician I,Victoria Maldonado,owen.dillon@bilearner.com,NEL,Voluntarily Terminated,Part-Time,Zone C,Part-Time,Resignation,Window stuff western interesting.,Production       ,Field Operations,16-08-1946,MA,Supervisor,Male,96845,Other,Married,Fully Meets,3,medium
3653,Bridget,Bray,04-Feb-21,30-Jul-23,Production Technician I,William Watson,bridget.bray@bilearner.com,PL,Voluntarily Terminated,Contract,Zone B,Part-Time,Voluntary,Particular same detail note.,Production       ,General - Con,29-06-1995,MA,Foreman,Male,67277,Asian,Widowed,Exceeds,3,medium
3654,Cassius,Gates,23-Nov-22,,Production Technician I,Jody Cox,cassius.gates@bilearner.com,PYZ,Active,Part-Time,Zone A,Part-Time,Unk,,Production       ,Aerial,30-03-1995,MA,Lineman,Male,17975,Asian,Divorced,Exceeds,4,high
3655,Martha,Kemp,25-Feb-23,,Production Technician I,Shelia Good,martha.kemp@bilearner.com,SVG,Active,Part-Time,Zone C,Full-Time,Unk,,Production       ,Engineers,20-10-1998,MA,Engineer,Male,97142,Asian,Married,Fully Meets,3,medium
3656,Francesca,Mcmahon,15-Dec-19,,Production Technician I,Darlene Green,francesca.mcmahon@bilearner.com,TNS,Active,Part-Time,Zone B,Part-Time,Unk,,Production       ,Underground,14-04-2001,MA,Laborer,Male,72523,Hispanic,Divorced,Exceeds,5,very high
3657,Lorelei,Walls,29-Aug-21,,Production Technician I,Christine Mccarthy,lorelei.walls@bilearner.com,WBL,Active,Part-Time,Zone C,Full-Time,Unk,,Production       ,General - Con,04-03-1992,MA,Flagger,Female,44406,Black,Single,Fully Meets,4,high
3658,Emery,Gillespie,04-Nov-22,07-Jul-23,Production Technician I,Thomas Jackson,emery.gillespie@bilearner.com,BPC,Active,Part-Time,Zone C,Temporary,Involuntary,Once simple the decade.,Production       ,Project Management - Con,25-11-1966,MA,Technician,Female,95682,Black,Divorced,Fully Meets,3,medium
3659,Kaylee,Baldwin,02-Oct-19,13-Oct-19,Production Technician I,Eric Powell,kaylee.baldwin@bilearner.com,CCDR,Active,Full-Time,Zone A,Part-Time,Voluntary,Second focus stay scientist.,Production       ,Field Operations,30-10-1989,MA,Engineer,Male,86746,Other,Divorced,Exceeds,1,low
3660,Aron,Hester,24-May-19,,Production Technician I,Joel Browning,aron.hester@bilearner.com,EW,Active,Full-Time,Zone A,Full-Time,Unk,,Production       ,Field Operations,21-06-1974,MA,Supervisor,Male,73540,Hispanic,Single,Exceeds,3,medium
3661,Reagan,Brennan,28-Feb-22,05-Sep-22,Production Technician I,Denise Roman,reagan.brennan@bilearner.com,MSC,Active,Contract,Zone C,Temporary,Involuntary,Decide group difference decide.,Production       ,Executive,22-05-1952,MA,Vp,Male,21624,Asian,Married,Fully Meets,3,medium
3662,Hugh,Berry,13-Jun-23,,Production Technician I,Linda Cummings,hugh.berry@bilearner.com,NEL,Active,Full-Time,Zone B,Temporary,Unk,,Production       ,Wireline Construction,18-04-1973,MA,Laborer,Male,90473,Other,Married,Exceeds,2,low
3663,Brandon,Anderson,07-Oct-19,22-Jan-22,Production Technician I,Sean Kennedy,brandon.anderson@bilearner.com,PL,Future Start,Part-Time,Zone B,Full-Time,Retirement,Bar serious exist pretty.,Production       ,General - Con,23-11-1977,MA,Foreman,Female,13534,Black,Single,Exceeds,3,medium
3664,Diana,Garza,06-Oct-20,12-Jan-22,Production Technician I,Robert Reid,diana.garza@bilearner.com,PYZ,Future Start,Full-Time,Zone C,Part-Time,Involuntary,Let political issue.,Production       ,Field Operations,15-08-1956,MA,Locator,Female,2667,Other,Widowed,Fully Meets,3,medium
3665,Dalton,Bowen,22-Nov-19,,Production Technician I,Lucas Morse,dalton.bowen@bilearner.com,SVG,Active,Full-Time,Zone B,Temporary,Unk,,Production       ,Field Operations,30-03-1985,MA,Field Technician,Male,54319,Asian,Married,Fully Meets,3,medium
3666,Davin,Peters,29-Apr-22,21-Jan-23,Production Technician I,Melissa Shaw,davin.peters@bilearner.com,TNS,Active,Full-Time,Zone A,Full-Time,Involuntary,Rule film know if eat hear.,Production       ,Field Operations,19-05-1956,MA,Laborer,Male,16052,Hispanic,Single,Fully Meets,3,medium
3667,Leyla,Warren,11-Dec-22,28-Apr-23,Production Technician I,Brooke Meyer,leyla.warren@bilearner.com,WBL,Active,Part-Time,Zone B,Temporary,Resignation,Term southern major ever care.,Production       ,Billable Consultants,23-08-1998,MA,Technician,Male,18998,Black,Single,Fully Meets,3,medium
3668,Victoria,Allen,06-Aug-23,06-Aug-23,Production Technician I,Christopher Clark,victoria.allen@bilearner.com,BPC,Active,Full-Time,Zone C,Full-Time,Voluntary,Rest such husband through his customer no look.,Production       ,Underground,24-05-1996,MA,Operator,Male,33735,Asian,Widowed,Needs Improvement,3,medium
3669,Tyler,Hines,28-Mar-20,12-Mar-23,Production Technician I,Joshua Francis,tyler.hines@bilearner.com,CCDR,Voluntarily Terminated,Contract,Zone A,Temporary,Retirement,Let former service.,Production       ,Finance & Accounting,16-01-1967,MA,Clerk,Male,81928,Black,Widowed,Fully Meets,3,medium
3670,Sandra,Atkinson,11-Aug-22,27-Mar-23,Production Technician II,Walter Shaw,sandra.atkinson@bilearner.com,SVG,Active,Full-Time,Zone A,Full-Time,Resignation,Far happy light already.,Production       ,Billable Consultants,17-01-1969,MA,Engineer,Female,14006,Hispanic,Widowed,Needs Improvement,3,medium
3671,Simone,Hayes,26-Jan-23,19-Jun-23,Production Technician II,Alexander Roberts,simone.hayes@bilearner.com,EW,Voluntarily Terminated,Part-Time,Zone A,Temporary,Involuntary,Edge cold language. Once bring quality hot.,Production       ,Splicing,29-12-1989,MA,Splicer,Female,45376,Asian,Divorced,Needs Improvement,3,medium
3672,Rhett,Valenzuela,14-Jan-19,,Production Technician II,Aaron Holland,rhett.valenzuela@bilearner.com,MSC,Active,Part-Time,Zone A,Full-Time,Unk,,Production       ,General - Con,24-02-1991,MA,Foreman,Female,44501,Asian,Divorced,Fully Meets,3,medium
3673,Lane,Zuniga,11-Jun-22,10-Jan-23,Production Technician II,Casey Morris,lane.zuniga@bilearner.com,TNS,Voluntarily Terminated,Full-Time,Zone B,Temporary,Voluntary,My teach piece need school fight rock.,Production       ,People Services,19-02-1973,MA,Manager,Female,47767,Other,Widowed,Fully Meets,3,medium
3674,Isabelle,Shields,25-Jun-20,02-Mar-22,Production Technician II,Sarah Williamson,isabelle.shields@bilearner.com,BPC,Voluntarily Terminated,Part-Time,Zone C,Part-Time,Voluntary,Five carry couple goal western.,Production       ,Engineers,01-05-1996,MA,Engineer,Female,39141,Other,Single,Fully Meets,3,medium
3675,Mario,Mays,08-Jun-20,29-Dec-22,Production Technician II,Melissa Torres,mario.mays@bilearner.com,CCDR,Active,Full-Time,Zone C,Full-Time,Resignation,Herself others song center word almost without.,Production       ,Engineers,28-08-1952,MA,Technician,Female,70090,Hispanic,Divorced,Fully Meets,3,medium
3676,Leah,Robinson,29-Aug-18,,Production Technician I,Craig Hawkins,leah.robinson@bilearner.com,BPC,Active,Contract,Zone B,Part-Time,Unk,,Production       ,Yard (Material Handling),29-11-1993,MA,Associate,Male,35858,Black,Divorced,Fully Meets,3,medium
3677,Dayami,Bailey,01-Oct-22,,Production Technician I,Matthew Hughes,dayami.bailey@bilearner.com,CCDR,Active,Full-Time,Zone A,Full-Time,Unk,,Production       ,Field Operations,04-02-1960,MA,Supervisor,Male,27462,Hispanic,Single,Fully Meets,3,medium
3678,Ramon,Fleming,22-Jul-21,,Production Technician I,Chad Ramirez,ramon.fleming@bilearner.com,SVG,Active,Full-Time,Zone A,Full-Time,Unk,,Production       ,General - Eng,24-05-1999,MA,Drafter,Male,65321,Asian,Single,Fully Meets,3,medium
3679,Pedro,Harrison,14-Dec-19,,Production Technician I,Erica Moore,pedro.harrison@bilearner.com,EW,Active,Full-Time,Zone A,Full-Time,Unk,,Production       ,Engineers,16-07-1989,MA,Engineer,Male,54017,Asian,Divorced,Fully Meets,3,medium
3680,Harrison,Hudson,27-Mar-20,,Production Technician I,Felicia Ashley,harrison.hudson@bilearner.com,MSC,Active,Part-Time,Zone B,Full-Time,Unk,,Production       ,Underground,14-09-1985,MA,Operator,Female,51584,Other,Divorced,Fully Meets,3,medium
3681,Taniya,Lane,25-Nov-21,,Production Technician I,James Williams,taniya.lane@bilearner.com,TNS,Active,Part-Time,Zone B,Temporary,Unk,,Production       ,Engineers,17-03-1976,MA,Project Manager,Female,75321,Black,Widowed,Fully Meets,3,medium
3682,Rene,Wallace,08-Jul-23,,Production Technician I,Michael Diaz MD,rene.wallace@bilearner.com,PYZ,Active,Full-Time,Zone C,Temporary,Unk,,Production       ,Field Operations,28-04-1943,MA,Technician,Female,37646,Black,Single,Fully Meets,4,high
3683,Kai,Gaines,02-Nov-21,11-Dec-21,Production Technician I,Mackenzie Porter,kai.gaines@bilearner.com,WBL,Active,Part-Time,Zone C,Temporary,Involuntary,Central baby moment benefit do.,Production       ,Finance & Accounting,06-01-1956,MA,Administration,Male,33204,Other,Divorced,Fully Meets,3,medium
3684,Noelle,Levy,01-Dec-19,25-Dec-22,Production Technician I,Robert Simmons,noelle.levy@bilearner.com,NEL,Active,Contract,Zone C,Part-Time,Involuntary,Scientist believe edge imagine push bit fast.,Production       ,Field Operations,03-08-1954,MA,Technician,Male,76198,Hispanic,Widowed,Fully Meets,3,medium
3685,Kylie,Jimenez,16-Aug-22,10-Nov-22,Production Technician I,Jordan Harrison,kylie.jimenez@bilearner.com,PL,Active,Full-Time,Zone C,Full-Time,Retirement,Factor doctor edge police.,Production       ,Project Management - Con,22-06-1986,MA,Coordinator,Male,10600,Asian,Widowed,Fully Meets,3,medium
3686,Carly,Figueroa,25-Apr-21,12-Dec-22,Production Technician I,Jesse Farmer,carly.figueroa@bilearner.com,BPC,Future Start,Part-Time,Zone A,Full-Time,Retirement,Concern expect add skill.,Production       ,Engineers,20-04-1998,MA,Director,Male,67909,White,Single,Exceeds,1,low
3687,Bria,Mcpherson,17-May-19,,Production Technician I,Brianna Blake,bria.mcpherson@bilearner.com,CCDR,Active,Part-Time,Zone B,Temporary,Unk,,Production       ,Field Operations,20-08-1944,MA,Supervisor,Female,26340,White,Divorced,Exceeds,1,low
3688,Brynn,Harding,04-May-19,03-Aug-21,Production Technician I,Kathleen Clark,brynn.harding@bilearner.com,SVG,Future Start,Contract,Zone B,Full-Time,Involuntary,Matter man skill produce poor.,Production       ,Wireline Construction,19-09-1951,MA,Manager,Female,42113,Asian,Divorced,Exceeds,3,medium
3689,Rashad,Wells,16-Jul-21,,Production Technician I,Jonathan Gutierrez,rashad.wells@bilearner.com,EW,Active,Contract,Zone A,Temporary,Unk,,Production       ,Field Operations,29-12-1960,MA,Laborer,Male,95832,Asian,Married,Exceeds,3,medium
3690,Jaylene,Deleon,04-Aug-20,27-Feb-21,Production Technician I,Adam Barber,jaylene.deleon@bilearner.com,MSC,Active,Part-Time,Zone A,Temporary,Voluntary,Size manager receive decide attention play plant.,Production       ,Yard (Material Handling),14-11-1950,MA,Laborer,Male,60287,White,Single,Needs Improvement,3,medium
3691,Chace,Church,23-Nov-20,,Production Technician I,David Valenzuela,chace.church@bilearner.com,TNS,Active,Part-Time,Zone C,Full-Time,Unk,,Production       ,Finance & Accounting,03-01-1993,MA,Manager,Male,34316,Asian,Single,Needs Improvement,1,low
3692,Zayne,Hunter,11-Nov-19,,Production Technician I,Lisa Jordan,zayne.hunter@bilearner.com,PYZ,Active,Full-Time,Zone B,Part-Time,Unk,,Production       ,Aerial,15-12-1979,MA,Lineman,Male,75371,Black,Widowed,Needs Improvement,3,medium
3693,Amya,Vega,20-May-19,30-Aug-20,Production Technician II,Alexa Smith,amya.vega@bilearner.com,SVG,Active,Part-Time,Zone B,Temporary,Involuntary,Name social full approach. Position want win.,Production       ,Project Management - Con,01-08-1977,MA,Field Project Manager,Female,13727,White,Married,Exceeds,2,low
3694,Nickolas,West,05-Nov-19,16-Apr-22,Production Technician II,Sue Harper,nickolas.west@bilearner.com,EW,Voluntarily Terminated,Full-Time,Zone A,Part-Time,Involuntary,Training civil attention exist matter water.,Production       ,Field Operations,11-03-1961,MA,Specialist,Female,94278,Hispanic,Married,PIP,4,high
3695,Cason,Neal,20-Sep-18,04-Feb-21,Production Technician II,Savannah Schneider,cason.neal@bilearner.com,MSC,Voluntarily Terminated,Contract,Zone C,Temporary,Voluntary,Public ask American affect market order.,Production       ,Catv,28-11-1989,MA,Laborer,Female,70817,Hispanic,Divorced,PIP,4,high
3696,Aldo,Dyer,02-Sep-20,26-May-23,Production Technician II,Chase Ramirez,aldo.dyer@bilearner.com,TNS,Voluntarily Terminated,Contract,Zone B,Part-Time,Resignation,Arrive its during organization about.,Production       ,Wireless,07-10-1989,MA,Foreman,Female,74423,Hispanic,Widowed,PIP,3,medium
3697,Sonia,Skinner,28-Jun-20,,Production Technician II,Connor Galloway,sonia.skinner@bilearner.com,PYZ,Active,Full-Time,Zone A,Part-Time,Unk,,Production       ,Field Operations,26-12-1992,MA,Technician,Female,51256,Other,Single,PIP,4,high
3698,Julien,Banks,22-Mar-23,30-May-23,Production Technician II,Savannah Weber,julien.banks@bilearner.com,WBL,Active,Full-Time,Zone A,Full-Time,Involuntary,Usually section evening with cup left.,Production       ,Catv,12-06-1984,MA,Foreman,Female,16462,Hispanic,Married,PIP,3,medium
3699,Madelyn,Mcdonald,30-Aug-22,20-Sep-22,Production Technician I,Justin Harris,madelyn.mcdonald@bilearner.com,PYZ,Voluntarily Terminated,Part-Time,Zone B,Temporary,Involuntary,Business draw with hear dream eat.,Production       ,Engineers,31-01-1977,MA,Engineer,Male,48065,Asian,Divorced,PIP,2,low
3700,Brenden,Nash,24-Oct-19,,Production Technician I,Wendy Rogers,brenden.nash@bilearner.com,PL,Active,Part-Time,Zone A,Temporary,Unk,,Production       ,Wireline Construction,12-04-1988,MA,Supervisor,Male,93840,Hispanic,Divorced,PIP,1,low
3701,Genesis,Coleman,09-Nov-19,,Production Technician I,Bryan Greer,genesis.coleman@bilearner.com,NEL,Active,Part-Time,Zone B,Temporary,Unk,,Production       ,Shop (Fleet),20-06-1948,MA,Mechanic,Male,35917,Other,Single,PIP,2,low
3702,Justice,Branch,13-Jul-19,,Production Technician I,David Brown,justice.branch@bilearner.com,MSC,Active,Part-Time,Zone C,Part-Time,Unk,,Production       ,Aerial,22-04-1976,MA,Foreman,Male,22165,Asian,Single,Exceeds,3,medium
3703,Addisyn,Guerrero,31-Aug-20,26-Jun-22,Production Technician I,Cory Lee,addisyn.guerrero@bilearner.com,EW,Active,Part-Time,Zone A,Part-Time,Resignation,Tax herself interview maybe control.,Production       ,Engineers,15-02-1951,MA,Engineer,Female,87563,White,Widowed,Exceeds,4,high
3704,Addisyn,Aguilar,25-Jan-19,26-Oct-21,Production Technician I,April Stevens,addisyn.aguilar@bilearner.com,CCDR,Active,Full-Time,Zone C,Part-Time,Involuntary,Message firm social daughter third ready.,Production       ,Field Operations,05-02-1976,MA,Associate,Female,20993,Asian,Married,Exceeds,5,very high
3705,Marcos,Gallagher,21-Nov-20,09-Apr-23,Production Technician I,Bridget Little,marcos.gallagher@bilearner.com,BPC,Active,Full-Time,Zone A,Part-Time,Involuntary,Any after despite suddenly decade.,Production       ,General - Sga,27-05-1967,MA,Vp,Female,88723,White,Single,Exceeds,3,medium
3706,Mareli,Parker,23-Sep-19,,Production Technician I,Lisa Hamilton,mareli.parker@bilearner.com,WBL,Active,Full-Time,Zone B,Part-Time,Unk,,Production       ,Field Operations,08-11-1974,MA,Laborer,Male,59933,White,Divorced,Exceeds,3,medium
3707,Joshua,Mitchell,11-Dec-22,,Production Technician I,Kenneth Keller,joshua.mitchell@bilearner.com,TNS,Active,Contract,Zone B,Temporary,Unk,,Production       ,Engineers,01-12-1995,MA,Manager,Male,81280,Asian,Divorced,Exceeds,3,medium
3708,Case,Gaines,21-Aug-20,20-Sep-22,Production Technician I,Morgan Smith,case.gaines@bilearner.com,SVG,Active,Full-Time,Zone C,Part-Time,Resignation,Finally feeling often some.,Production       ,Fielders,19-02-1974,MA,Engineer,Male,13899,Black,Married,Exceeds,4,high
3709,Jacey,Reyes,04-Feb-19,17-Apr-23,Production Technician I,Donald Powell,jacey.reyes@bilearner.com,PYZ,Active,Full-Time,Zone C,Part-Time,Voluntary,Provide late phone school score sound growth.,Production       ,Splicing,18-09-1969,MA,Splicer,Male,44907,Black,Divorced,Exceeds,5,very high
3710,Dean,Middleton,29-Oct-21,,Production Technician I,Rebecca Henderson,dean.middleton@bilearner.com,PL,Active,Full-Time,Zone C,Part-Time,Unk,,Production       ,Aerial,16-10-1960,MA,Foreman,Female,64630,Hispanic,Single,Exceeds,1,low
3711,Marlene,Bates,17-Jul-21,,Production Technician I,David Bowman,marlene.bates@bilearner.com,NEL,Active,Part-Time,Zone A,Temporary,Unk,,Production       ,Finance & Accounting,03-01-1981,MA,Administrative,Female,36588,Black,Single,Needs Improvement,1,low
3712,Kyra,Ray,28-Apr-19,01-Sep-22,Production Technician I,Christopher Robertson,kyra.ray@bilearner.com,MSC,Future Start,Part-Time,Zone C,Temporary,Retirement,Year color woman become year scene very.,Production       ,Field Operations,03-04-1956,MA,Technician,Male,33658,Asian,Married,Needs Improvement,5,very high
3713,Melanie,Kennedy,21-Jul-20,,Production Technician I,Michelle Miller,melanie.kennedy@bilearner.com,EW,Active,Full-Time,Zone B,Temporary,Unk,,Production       ,General - Sga,10-04-1985,MA,Administrator,Male,87025,Hispanic,Widowed,Fully Meets,3,medium
3714,Aleena,Mercer,19-Jan-20,,Production Technician I,Kyle Turner,aleena.mercer@bilearner.com,CCDR,Active,Full-Time,Zone B,Part-Time,Unk,,Production       ,Field Operations,19-04-1965,MA,Laborer,Male,93985,White,Married,Fully Meets,4,high
3715,Jake,White,12-Sep-21,,Production Technician I,Dawn Mendoza,jake.white@bilearner.com,BPC,Active,Contract,Zone A,Full-Time,Unk,,Production       ,Project Management - Con,05-03-1976,MA,Coordinator,Male,27233,Black,Widowed,Fully Meets,4,high
3716,Chaim,Chase,31-Jul-22,18-Feb-23,Production Technician II,David Goodman,chaim.chase@bilearner.com,SVG,Voluntarily Terminated,Full-Time,Zone A,Full-Time,Voluntary,Walk call activity onto seven about.,Production       ,General - Con,27-06-1993,MA,Laborer,Female,5569,Black,Married,Fully Meets,1,low
3717,Keshawn,Le,18-May-23,,Production Technician II,Samuel Turner,keshawn.le@bilearner.com,EW,Active,Contract,Zone B,Full-Time,Unk,,Production       ,Field Operations,07-11-1992,MA,Specialist,Female,21090,Asian,Married,Fully Meets,2,low
3718,Dalton,Frazier,25-May-21,22-Oct-21,Production Technician II,Claudia White,dalton.frazier@bilearner.com,MSC,Voluntarily Terminated,Contract,Zone C,Temporary,Voluntary,Save east phone arrive floor maybe.,Production       ,Field Operations,15-09-1946,MA,Driver,Female,52357,Other,Married,Fully Meets,4,high
3719,Cannon,Hester,22-Jul-22,,Production Technician II,David Ward,cannon.hester@bilearner.com,TNS,Active,Contract,Zone B,Full-Time,Unk,,Production       ,Underground,08-07-1947,MA,Laborer,Female,47989,Hispanic,Divorced,Fully Meets,3,medium
3720,Crystal,Brandt,23-May-19,12-Sep-20,Production Technician II,Andrew Schneider,crystal.brandt@bilearner.com,PYZ,Active,Part-Time,Zone B,Full-Time,Resignation,Young risk quality natural foreign claim.,Production       ,Field Operations,18-12-1958,MA,Laborer,Female,31486,White,Single,Fully Meets,3,medium
3721,Johnny,Goodman,12-Feb-20,07-Apr-20,Production Technician I,Loretta Gonzalez,johnny.goodman@bilearner.com,NEL,Active,Full-Time,Zone B,Full-Time,Resignation,Recent agent choose dark hard eye.,Production       ,Fielders,24-03-1960,MA,Engineer,Male,24794,Black,Widowed,Fully Meets,2,low
3722,Nehemiah,Hancock,16-Feb-20,09-Jan-22,Production Technician I,Alice Key,nehemiah.hancock@bilearner.com,PL,Voluntarily Terminated,Part-Time,Zone B,Full-Time,Involuntary,Fast glass machine compare after check.,Production       ,Field Operations,31-08-1947,MA,Laborer,Male,80316,White,Married,Fully Meets,2,low
3723,Elliana,Villanueva,29-Apr-22,16-Jul-22,Production Technician I,Ryan Downs,elliana.villanueva@bilearner.com,BPC,Voluntarily Terminated,Full-Time,Zone A,Temporary,Retirement,Everyone chair white situation result.,Production       ,Wireline Construction,30-08-1972,MA,Laborer,Male,46742,Asian,Married,Fully Meets,3,medium
3724,Essence,Schwartz,10-Oct-19,30-Oct-21,Production Technician I,Alyssa Johnson,essence.schwartz@bilearner.com,CCDR,Voluntarily Terminated,Part-Time,Zone C,Temporary,Retirement,Board star job song. Hundred believe heavy.,Production       ,Field Operations,25-11-1969,MA,Laborer,Male,30194,Asian,Divorced,Fully Meets,4,high
3725,Ryker,Cox,07-Apr-19,09-Jul-23,Production Technician I,Stephanie Patterson,ryker.cox@bilearner.com,SVG,Active,Contract,Zone B,Part-Time,Voluntary,Child write help growth home.,Production       ,Aerial,21-08-1955,MA,Lineman,Male,36808,Asian,Widowed,Fully Meets,1,low
3726,Averi,Stevenson,13-Jul-20,18-Sep-21,Production Technician I,Sandra Richardson,averi.stevenson@bilearner.com,EW,Active,Contract,Zone A,Full-Time,Voluntary,Great like sea behind stock drop debate such.,Production       ,General - Con,25-07-1995,MA,Lineman,Female,36688,Other,Married,Fully Meets,4,high
3727,Katherine,Russo,26-Aug-21,,Production Technician I,Courtney Garcia,katherine.russo@bilearner.com,MSC,Active,Part-Time,Zone C,Temporary,Unk,,Production       ,Field Operations,15-01-1945,MA,Supervisor,Female,37883,Other,Divorced,Fully Meets,3,medium
3728,Aydan,Robbins,23-Dec-21,,Production Technician I,Tamara Grant,aydan.robbins@bilearner.com,TNS,Active,Contract,Zone A,Part-Time,Unk,,Production       ,Splicing,07-02-1967,MA,Laborer,Male,39843,Hispanic,Divorced,Fully Meets,5,very high
3729,Heaven,Walls,08-Dec-22,04-Jul-23,Production Technician I,Natasha Spears,heaven.walls@bilearner.com,BPC,Active,Contract,Zone B,Part-Time,Voluntary,Until reason late off training situation.,Production       ,Wireline Construction,01-01-1943,MA,Supervisor,Male,69873,Other,Divorced,Fully Meets,3,medium
3730,Bobby,Chung,18-Jan-22,,Production Technician I,Sharon Vincent,bobby.chung@bilearner.com,CCDR,Active,Contract,Zone B,Temporary,Unk,,Production       ,Fielders,08-12-1965,MA,Engineer,Male,2548,Black,Widowed,Fully Meets,4,high
3731,Maximus,Fields,28-Feb-20,14-Dec-22,Production Technician I,Kimberly Phelps,maximus.fields@bilearner.com,EW,Active,Part-Time,Zone B,Part-Time,Retirement,Along black change charge particular conference.,Production       ,Field Operations,04-07-1998,MA,Engineer,Male,73555,Hispanic,Single,Fully Meets,3,medium
3732,Orion,Ochoa,31-May-20,,Production Technician I,Charles Hoover,orion.ochoa@bilearner.com,MSC,Active,Part-Time,Zone B,Part-Time,Unk,,Production       ,Field Operations,03-07-1954,MA,Technician,Male,27650,Black,Widowed,Fully Meets,5,very high
3733,Halle,Boyd,20-Apr-20,23-Jul-22,Production Technician I,Deborah Stevens,halle.boyd@bilearner.com,NEL,Future Start,Contract,Zone C,Part-Time,Retirement,Half glass sport. Oil arm middle play lose such.,Production       ,Field Operations,15-10-1994,MA,Driver,Female,2035,Hispanic,Single,Fully Meets,3,medium
3734,Lindsey,Rocha,07-Mar-19,,Production Technician I,Melissa Alvarez,lindsey.rocha@bilearner.com,PL,Active,Full-Time,Zone C,Temporary,Unk,,Production       ,Technology / It,21-07-1964,MA,Engineer,Male,74284,White,Divorced,Fully Meets,3,medium
3735,Chace,Gray,29-May-19,,Production Technician I,Joel Nichols,chace.gray@bilearner.com,PYZ,Active,Contract,Zone C,Temporary,Unk,,Production       ,Wireless,11-07-1963,MA,Project Manager,Male,81455,White,Married,Fully Meets,1,low
3736,Carsen,Wheeler,18-Oct-20,22-Mar-23,Production Technician I,Kimberly Soto,carsen.wheeler@bilearner.com,SVG,Active,Full-Time,Zone A,Part-Time,Resignation,Democrat home space past sense serious.,Production       ,Wireline Construction,02-07-1976,MA,Laborer,Male,95345,Other,Married,Fully Meets,2,low
3737,Arielle,Escobar,19-Nov-18,,Production Technician I,John Hill,arielle.escobar@bilearner.com,TNS,Active,Part-Time,Zone B,Part-Time,Unk,,Production       ,People Services,11-12-1946,MA,Director,Male,67176,Hispanic,Divorced,Fully Meets,5,very high
3738,Kaitlynn,Blair,15-Apr-22,09-Jan-23,Production Technician II,Steven Carter,kaitlynn.blair@bilearner.com,SVG,Voluntarily Terminated,Full-Time,Zone A,Temporary,Involuntary,Partner perhaps they rock.,Production       ,General - Con,03-09-2000,MA,Lineman,Female,21015,Hispanic,Widowed,Fully Meets,3,medium
3739,Amir,Melendez,24-Aug-18,22-Mar-21,Production Technician II,Rachel Pham,amir.melendez@bilearner.com,EW,Voluntarily Terminated,Full-Time,Zone B,Temporary,Voluntary,Themselves specific seem want seek hospital.,Production       ,Field Operations,09-03-1951,MA,Tower Hand,Female,80870,Asian,Divorced,Fully Meets,3,medium
3740,Monique,Buckley,15-Oct-22,17-Feb-23,Production Technician II,Christopher Cunningham,monique.buckley@bilearner.com,MSC,Voluntarily Terminated,Full-Time,Zone C,Part-Time,Voluntary,Final like human late job.,Production       ,People Services,24-05-2001,MA,Intern,Female,12265,Other,Single,Fully Meets,4,high
3741,Clark,Blanchard,27-Feb-23,28-Mar-23,Production Technician II,Brittany Marshall,clark.blanchard@bilearner.com,TNS,Voluntarily Terminated,Full-Time,Zone A,Temporary,Voluntary,Board industry once tough investment age.,Production       ,Field Operations,14-09-1948,MA,Engineer,Female,47025,Hispanic,Widowed,Fully Meets,1,low
3742,Gabriel,Pearson,22-Sep-21,15-May-23,Production Technician II,Ryan Anderson,gabriel.pearson@bilearner.com,PYZ,Active,Contract,Zone A,Temporary,Resignation,Wait small thing staff.,Production       ,Field Operations,12-09-1981,MA,Manager,Female,81011,Asian,Married,Fully Meets,2,low
3743,Mercedes,Cook,30-May-20,,Production Technician I,Stephanie Valdez,mercedes.cook@bilearner.com,WBL,Active,Contract,Zone A,Part-Time,Unk,,Production       ,General - Con,13-09-1950,MA,Locator,Male,13394,Black,Married,Fully Meets,2,low
3744,Skyler,Blankenship,11-Sep-20,,Production Technician I,Christopher Garcia,skyler.blankenship@bilearner.com,NEL,Active,Part-Time,Zone B,Full-Time,Unk,,Production       ,Aerial,22-12-1964,MA,Lineman,Female,50967,Asian,Widowed,Fully Meets,5,very high
3745,Jordan,Davis,31-May-19,06-Oct-20,Production Technician I,Sarah Cross,jordan.davis@bilearner.com,PL,Voluntarily Terminated,Full-Time,Zone C,Full-Time,Involuntary,So give cause soldier.,Production       ,General - Con,20-07-1978,MA,Technician,Male,8286,Asian,Single,Fully Meets,4,high
3746,Bridget,Wu,13-Jul-20,,Production Technician I,Judy Lambert,bridget.wu@bilearner.com,BPC,Active,Part-Time,Zone B,Full-Time,Unk,,Production       ,Shop (Fleet),21-08-1969,MA,Mechanic,Male,68039,Black,Widowed,Fully Meets,3,medium
3747,Gabriel,Kirk,09-Sep-21,10-Feb-23,Production Technician I,Chelsea Bright,gabriel.kirk@bilearner.com,CCDR,Voluntarily Terminated,Part-Time,Zone C,Temporary,Retirement,Soon glass reveal Republican could.,Production       ,Technology / It,17-02-1944,MA,Technician,Male,56563,Black,Widowed,Fully Meets,2,low
3748,Aron,Ali,06-Apr-19,,Production Technician I,Shawn Mckay,aron.ali@bilearner.com,SVG,Active,Full-Time,Zone C,Part-Time,Unk,,Production       ,General - Con,20-08-1969,MA,Laborer,Male,96739,Other,Married,Fully Meets,1,low
3749,Kayden,Soto,16-Feb-21,,Production Technician I,Samantha Pugh,kayden.soto@bilearner.com,EW,Active,Full-Time,Zone A,Full-Time,Unk,,Production       ,Project Management - Eng,02-05-1985,MA,Planner,Female,27488,Other,Married,Fully Meets,4,high
3750,Micaela,Conner,17-Feb-20,,Production Technician I,Sheryl Curtis,micaela.conner@bilearner.com,MSC,Active,Full-Time,Zone C,Part-Time,Unk,,Production       ,Engineers,16-02-1955,MA,Engineer,Male,49299,Black,Single,Fully Meets,1,low
3751,Arthur,Mitchell,15-Oct-21,,Production Technician I,Eric Knight,arthur.mitchell@bilearner.com,TNS,Active,Contract,Zone A,Full-Time,Unk,,Production       ,Aerial,24-12-1972,MA,Model Assistant,Male,32547,Other,Single,Fully Meets,3,medium
3752,Deven,Morse,06-Jul-22,,Production Technician I,Morgan Ross,deven.morse@bilearner.com,PYZ,Active,Full-Time,Zone A,Temporary,Unk,,Production       ,Engineers,12-10-1954,MA,Engineer,Male,11664,White,Divorced,Fully Meets,2,low
3753,George,Villegas,05-Mar-19,10-Dec-20,Production Technician I,Laura Mcpherson,george.villegas@bilearner.com,WBL,Active,Part-Time,Zone B,Part-Time,Involuntary,Truth resource more week hope generation.,Production       ,Project Management - Eng,29-09-1959,MA,Planner,Male,37926,White,Single,Fully Meets,4,high
3754,Arielle,Potts,02-Jun-20,25-Jan-22,Production Technician I,Sarah Morgan,arielle.potts@bilearner.com,NEL,Active,Full-Time,Zone C,Full-Time,Voluntary,Stage necessary although they.,Production       ,Project Management - Con,31-05-1978,MA,Engineer,Male,76770,Black,Married,Fully Meets,1,low
3755,Maxwell,Howell,26-Nov-20,17-Feb-23,Production Technician I,Emily Church,maxwell.howell@bilearner.com,PL,Future Start,Full-Time,Zone C,Full-Time,Resignation,Scientist heart others employee church century.,Production       ,Executive,21-04-2001,MA,Manager,Female,72484,Black,Married,Fully Meets,4,high
3756,Junior,Bridges,24-May-21,,Production Technician I,Melissa Hernandez,junior.bridges@bilearner.com,BPC,Active,Full-Time,Zone A,Temporary,Unk,,Production       ,Field Operations,01-06-1944,MA,Driller,Female,13669,Hispanic,Married,Fully Meets,3,medium
3757,Salvatore,Noble,17-Oct-22,26-Mar-23,Production Technician I,Debra Yang,salvatore.noble@bilearner.com,CCDR,Future Start,Full-Time,Zone B,Part-Time,Involuntary,Marriage sound myself others well morning wrong.,Production       ,Aerial,28-10-1993,MA,Lineman,Male,7481,Asian,Single,Fully Meets,2,low
3758,Heath,Hodges,16-Nov-22,24-Jun-23,Production Technician I,Alejandro Palmer,heath.hodges@bilearner.com,SVG,Voluntarily Terminated,Contract,Zone A,Temporary,Retirement,Lawyer miss meet across agent.,Production       ,Engineers,20-12-1946,MA,Engineer,Male,76897,Other,Divorced,Fully Meets,3,medium
3759,Gabriella,Warner,01-May-22,25-Sep-22,Production Technician I,Emily Pugh,gabriella.warner@bilearner.com,EW,Active,Contract,Zone B,Full-Time,Retirement,Authority different including gun production.,Production       ,Yard (Material Handling),21-10-1958,MA,Laborer,Male,47326,Black,Married,Fully Meets,1,low
3760,Ryan,Tate,24-Aug-21,,Production Technician I,Sherry Morris,ryan.tate@bilearner.com,MSC,Active,Full-Time,Zone A,Part-Time,Unk,,Production       ,General - Con,12-02-1960,MA,Technician,Male,20814,Other,Widowed,Fully Meets,3,medium
3761,Hazel,Vincent,22-Jun-23,10-Jul-23,Production Technician II,Melissa Conrad,hazel.vincent@bilearner.com,CCDR,Active,Contract,Zone A,Full-Time,Involuntary,Item born upon blue.,Production       ,General - Sga,23-11-1987,MA,Assistant,Female,75880,Black,Married,Fully Meets,1,low
3762,Gavyn,Riggs,18-Jul-20,,Production Technician II,Lauren Villarreal,gavyn.riggs@bilearner.com,SVG,Active,Part-Time,Zone B,Temporary,Unk,,Production       ,Engineers,11-05-1949,MA,Engineer,Female,65366,Black,Divorced,Fully Meets,2,low
3763,Giancarlo,Cross,12-Jan-23,06-Feb-23,Production Technician II,Randall Williams,giancarlo.cross@bilearner.com,EW,Voluntarily Terminated,Full-Time,Zone B,Full-Time,Involuntary,They four last represent spend bit.,Production       ,Finance & Accounting,25-06-1950,MA,Clerk,Female,40231,White,Widowed,Fully Meets,3,medium
3764,Cristal,Bradshaw,16-Feb-22,,Production Technician II,Tiffany Stone,cristal.bradshaw@bilearner.com,MSC,Active,Full-Time,Zone B,Temporary,Unk,,Production       ,General - Sga,13-12-1995,MA,Manager,Female,41487,Black,Single,Fully Meets,3,medium
3765,Guadalupe,Burke,02-Sep-22,,Production Technician II,Eric Smith,guadalupe.burke@bilearner.com,TNS,Active,Part-Time,Zone A,Temporary,Unk,,Production       ,Yard (Material Handling),30-06-1969,MA,Runner,Female,36904,Hispanic,Widowed,Fully Meets,3,medium
3766,Elisa,Henry,02-Feb-19,03-Feb-23,Production Technician II,Taylor Morris,elisa.henry@bilearner.com,PYZ,Active,Part-Time,Zone A,Part-Time,Resignation,Common no sure wonder up although.,Production       ,Yard (Material Handling),10-03-1943,MA,Manager,Female,10110,Black,Widowed,Fully Meets,3,medium
3767,Kale,Fischer,26-Aug-21,05-Sep-22,Production Technician I,Zachary Nelson,kale.fischer@bilearner.com,TNS,Voluntarily Terminated,Full-Time,Zone B,Part-Time,Retirement,Actually on Democrat down live base should.,Production       ,General - Con,07-03-1993,MA,Laborer,Female,46087,Black,Divorced,Fully Meets,2,low
3768,Morgan,Blackwell,31-Dec-20,,Production Technician I,David Garcia,morgan.blackwell@bilearner.com,SVG,Active,Contract,Zone B,Full-Time,Unk,,Production       ,Catv,30-05-1991,MA,Foreman,Female,37838,Black,Divorced,Fully Meets,4,high
3769,Ivan,Wright,12-Dec-20,,Production Technician I,Laura Chavez,ivan.wright@bilearner.com,PYZ,Active,Full-Time,Zone A,Full-Time,Unk,,Production       ,Fielders,21-11-1952,MA,Engineer,Male,15968,Asian,Married,Fully Meets,3,medium
3770,Nayeli,Hood,13-Jan-22,11-Apr-23,Production Technician I,Rachel Jones,nayeli.hood@bilearner.com,PL,Voluntarily Terminated,Contract,Zone B,Temporary,Involuntary,Land physical tax.,Production       ,Aerial,26-01-1995,MA,Lineman,Male,21100,Asian,Married,Fully Meets,3,medium
3771,Marilyn,Smith,24-Jan-21,07-May-23,Production Technician I,Kathryn Jones,marilyn.smith@bilearner.com,NEL,Voluntarily Terminated,Part-Time,Zone B,Temporary,Retirement,Catch issue water night recognize mention.,Production       ,General - Con,20-09-1981,MA,Foreman,Male,65845,Asian,Married,Fully Meets,3,medium
3772,Zoie,Rowland,08-Feb-22,22-Jul-22,Production Technician I,Mrs. Rachel Henry,zoie.rowland@bilearner.com,MSC,Active,Full-Time,Zone A,Temporary,Retirement,Side most force better region operation language.,Production       ,Engineers,05-02-1966,MA,Engineer,Female,58535,Asian,Divorced,Fully Meets,3,medium
3773,Ann,Nguyen,11-Oct-20,26-Feb-22,Production Technician I,Laura Hernandez,ann.nguyen@bilearner.com,EW,Voluntarily Terminated,Part-Time,Zone A,Temporary,Retirement,Building possible too process do.,Production       ,Engineers,16-05-1972,MA,Engineer,Female,3994,Hispanic,Divorced,Fully Meets,3,medium
3774,Ramiro,Savage,20-Jun-19,13-Oct-21,Production Technician I,Justin Stanley,ramiro.savage@bilearner.com,CCDR,Active,Part-Time,Zone B,Full-Time,Involuntary,Success realize political move adult new.,Production       ,Engineers,06-04-1998,MA,Engineer,Male,32544,Black,Single,Fully Meets,3,medium
3775,Karma,Koch,13-Jul-21,26-Nov-22,Production Technician I,Amy Ross,karma.koch@bilearner.com,BPC,Active,Contract,Zone B,Part-Time,Resignation,Agency picture enjoy pattern since and piece.,Production       ,Field Operations,15-10-1980,MA,Laborer,Male,36153,Other,Widowed,Fully Meets,3,medium
3776,Jacqueline,Hendrix,14-Oct-21,30-Oct-21,Production Technician I,Benjamin Yates,jacqueline.hendrix@bilearner.com,WBL,Active,Contract,Zone A,Full-Time,Resignation,Goal someone serious myself way probably.,Production       ,General - Eng,28-04-1980,MA,Administrative,Male,34262,Black,Married,Fully Meets,3,medium
3777,Kaitlin,Barker,09-Nov-21,,Production Technician I,Penny Estrada,kaitlin.barker@bilearner.com,TNS,Active,Contract,Zone C,Temporary,Unk,,Production       ,Aerial,21-03-1966,MA,Lineman,Male,12906,Black,Single,Fully Meets,3,medium
3778,Semaj,Griffith,02-Apr-23,27-Jul-23,Production Technician I,Frank Freeman,semaj.griffith@bilearner.com,SVG,Active,Full-Time,Zone A,Full-Time,Involuntary,Similar computer less four.,Production       ,Wireline Construction,09-02-1992,MA,Groundman,Male,30753,Other,Married,Fully Meets,3,medium
3779,Damian,Burke,19-Oct-22,03-May-23,Production Technician I,Regina Bryant MD,damian.burke@bilearner.com,PYZ,Future Start,Part-Time,Zone B,Temporary,Voluntary,About allow court us.,Production       ,Shop (Fleet),28-04-1963,MA,Technician,Female,60533,Other,Divorced,Fully Meets,3,medium
3780,Jessie,Smith,09-May-20,14-Sep-21,Production Technician I,Samantha Roberts,jessie.smith@bilearner.com,PL,Future Start,Part-Time,Zone C,Part-Time,Retirement,Everything look could economy PM fast.,Production       ,General - Con,16-11-1945,MA,Technician,Female,36882,Black,Widowed,Fully Meets,3,medium
3781,Hezekiah,Cummings,18-Aug-19,05-May-22,Production Technician I,Daniel Peterson,hezekiah.cummings@bilearner.com,NEL,Future Start,Contract,Zone B,Full-Time,Involuntary,Hot stay response fly himself accept.,Production       ,General - Con,23-01-1960,MA,Laborer,Male,62493,Black,Single,Fully Meets,3,medium
3782,Brody,House,09-Mar-19,02-May-20,Production Technician I,Dr. Matthew Harrell,brody.house@bilearner.com,MSC,Voluntarily Terminated,Full-Time,Zone B,Temporary,Retirement,Blood people direction all item.,Production       ,Field Operations,25-09-1984,MA,Driver,Male,92706,Asian,Widowed,Fully Meets,3,medium
3783,Aaliyah,Watts,09-May-20,,Production Technician I,Jared Whitehead,aaliyah.watts@bilearner.com,EW,Active,Contract,Zone A,Full-Time,Unk,,Production       ,Fielders,11-04-1962,MA,Engineer,Male,7773,Asian,Divorced,Fully Meets,3,medium
3784,Ashton,Larsen,14-Aug-22,,Production Technician I,William Price,ashton.larsen@bilearner.com,CCDR,Active,Contract,Zone A,Temporary,Unk,,Production       ,Splicing,14-03-1998,MA,Supervisor,Female,55514,White,Single,Fully Meets,3,medium
3785,Joshua,Gibson,18-Jan-22,,Production Technician II,Sheri Jackson,joshua.gibson@bilearner.com,PL,Active,Contract,Zone C,Temporary,Unk,,Production       ,Project Management - Con,20-10-1977,MA,Director,Female,13406,Black,Divorced,Fully Meets,3,medium
3786,Kyleigh,Bauer,22-Jun-21,26-Jul-22,Production Technician II,Paul Richards,kyleigh.bauer@bilearner.com,PYZ,Voluntarily Terminated,Full-Time,Zone A,Part-Time,Resignation,Cost high must body defense population.,Production       ,Field Operations,10-06-1962,MA,Technician,Female,65379,Black,Divorced,Fully Meets,3,medium
3787,Ramon,Schultz,19-Jan-23,20-Jun-23,Production Technician II,Alexis Gutierrez,ramon.schultz@bilearner.com,SVG,Voluntarily Terminated,Full-Time,Zone C,Part-Time,Resignation,Peace anything sign third.,Production       ,General - Sga,29-08-1972,MA,Supervisor,Female,69445,White,Widowed,Fully Meets,3,medium
3788,Maxim,Houston,17-May-23,13-Jun-23,Production Technician II,Michael Mcclure,maxim.houston@bilearner.com,TNS,Voluntarily Terminated,Part-Time,Zone A,Full-Time,Involuntary,In read day your stay she.,Production       ,Field Operations,06-09-1976,MA,Foreman,Female,32440,Black,Married,Fully Meets,3,medium
3789,Deanna,Sellers,07-Jun-20,,Production Technician II,Randall Frey,deanna.sellers@bilearner.com,WBL,Active,Contract,Zone A,Part-Time,Unk,,Production       ,Wireline Construction,25-05-1977,MA,Foreman,Female,30804,Other,Widowed,Fully Meets,3,medium
3790,Frankie,Figueroa,07-Jul-23,11-Jul-23,Production Technician II,Matthew Le,frankie.figueroa@bilearner.com,PYZ,Active,Full-Time,Zone A,Temporary,Resignation,Simply Mrs moment seven feel time.,Production       ,Yard (Material Handling),11-12-1962,MA,Laborer,Female,17247,Hispanic,Single,Fully Meets,3,medium
3791,Bentley,Rush,28-Mar-20,,Production Technician I,Ashley Petty,bentley.rush@bilearner.com,WBL,Active,Full-Time,Zone B,Full-Time,Unk,,Production       ,Finance & Accounting,02-02-1978,MA,Administration,Female,32417,Asian,Divorced,Fully Meets,3,medium
3792,Alexia,Pham,23-May-19,10-May-22,Production Technician I,Angela Shaffer,alexia.pham@bilearner.com,NEL,Active,Part-Time,Zone C,Full-Time,Retirement,Analysis listen here fight.,Production       ,Engineers,08-06-1998,MA,Engineer,Male,50738,White,Married,Fully Meets,3,medium
3793,Roselyn,Roberts,20-Apr-19,,Production Technician I,Steven Walton,roselyn.roberts@bilearner.com,PL,Active,Full-Time,Zone B,Full-Time,Unk,,Production       ,General - Con,15-01-1952,MA,Manager,Male,34278,Asian,Married,Fully Meets,3,medium
3794,Ayden,Chambers,09-Sep-18,,Production Technician I,Abigail Robinson,ayden.chambers@bilearner.com,BPC,Active,Contract,Zone A,Full-Time,Unk,,Production       ,General - Con,20-01-1996,MA,Foreman,Male,40836,Asian,Widowed,Fully Meets,5,very high
